IP address,TCP Connection,Trace,Result
129.22.104.81,True,True,"Execute FAILED, Return Code 9"
129.22.104.82,True,True,"Execute FAILED, Return Code 9"
129.22.104.83,True,True,"Execute FAILED, Return Code 9"
129.22.104.84,True,True,"Execute FAILED, Return Code 9"
129.22.104.85,True,True,"Execute FAILED, Return Code 9"
129.22.104.86,True,True,"Execute FAILED, Return Code 9"
129.22.104.87,True,True,"Execute FAILED, Return Code 9"
129.22.104.88,True,True,"Execute FAILED, Return Code 9"
129.22.104.89,True,True,"Execute FAILED, Return Code 9"
129.22.104.90,True,True,"Execute FAILED, Return Code 9"
129.22.104.91,True,True,"Execute FAILED, Return Code 9"
129.22.104.92,True,True,"Execute FAILED, Return Code 9"
129.22.104.93,True,True,"Execute FAILED, Return Code 9"
129.22.104.94,True,True,"Execute FAILED, Return Code 9"
129.22.104.67,True,True,"Execute FAILED, Return Code 9"
129.22.104.68,True,True,"Execute FAILED, Return Code 9"
129.22.104.69,True,True,"Execute FAILED, Return Code 9"
129.22.104.70,True,True,"Execute FAILED, Return Code 9"
129.22.104.71,True,True,"Execute FAILED, Return Code 9"
129.22.104.72,True,True,"Execute FAILED, Return Code 9"
129.22.104.73,True,True,"Execute FAILED, Return Code 9"
129.22.104.74,True,True,"Execute FAILED, Return Code 9"
129.22.104.75,True,True,"Execute FAILED, Return Code 9"
129.22.104.76,True,True,"Execute FAILED, Return Code 9"
129.22.104.77,True,True,"Execute FAILED, Return Code 9"
129.22.104.78,True,True,"Execute FAILED, Return Code 9"
129.22.104.79,True,True,"Execute FAILED, Return Code 9"
129.22.104.80,True,True,"Execute FAILED, Return Code 9"
129.22.104.39,True,True,"Execute FAILED, Return Code 9"
129.22.104.40,True,True,"Execute FAILED, Return Code 9"
129.22.104.41,True,True,"Execute FAILED, Return Code 9"
129.22.104.42,True,True,"Execute FAILED, Return Code 9"
129.22.104.43,True,True,"Execute FAILED, Return Code 9"
129.22.104.44,True,True,"Execute FAILED, Return Code 9"
129.22.104.45,True,True,"Execute FAILED, Return Code 9"
129.22.104.46,True,True,"Execute FAILED, Return Code 9"
129.22.104.47,True,True,"Execute FAILED, Return Code 9"
129.22.104.48,True,True,"Execute FAILED, Return Code 9"
129.22.104.49,True,True,"Execute FAILED, Return Code 9"
129.22.104.50,True,True,"Execute FAILED, Return Code 9"
129.22.104.51,True,True,"Execute FAILED, Return Code 9"
129.22.104.52,True,True,"Execute FAILED, Return Code 9"
129.22.104.25,True,True,"Execute OK, Answer OK"
129.22.104.26,True,True,"Execute FAILED, Return Code 9"
129.22.104.27,True,True,"Execute FAILED, Return Code 9"
129.22.104.28,True,True,"Execute FAILED, Return Code 9"
129.22.104.29,True,True,"Execute FAILED, Return Code 9"
129.22.104.30,True,True,"Execute FAILED, Return Code 9"
129.22.104.31,True,True,"Execute FAILED, Return Code 9"
129.22.104.32,True,True,"Execute FAILED, Return Code 9"
129.22.104.33,True,True,"Execute FAILED, Return Code 9"
129.22.104.34,True,True,"Execute FAILED, Return Code 9"
129.22.104.35,True,True,"Execute FAILED, Return Code 9"
129.22.104.36,True,True,"Execute FAILED, Return Code 9"
129.22.104.37,True,True,"Execute FAILED, Return Code 9"
129.22.104.38,True,True,"Execute FAILED, Return Code 9"
129.22.104.95,True,True,"Execute FAILED, Return Code 9"
129.22.104.96,True,True,"Execute FAILED, Return Code 9"
129.22.104.97,True,True,"Execute FAILED, Return Code 9"
129.22.104.98,True,True,"Execute FAILED, Return Code 9"
129.22.104.99,True,True,"Execute FAILED, Return Code 9"
129.22.104.100,True,True,"Execute FAILED, Return Code 9"
129.22.104.101,True,True,"Execute FAILED, Return Code 9"
129.22.104.102,True,True,"Execute FAILED, Return Code 9"
129.22.104.103,True,True,"Execute FAILED, Return Code 9"
129.22.104.104,True,True,"Execute FAILED, Return Code 9"
129.22.104.105,True,True,"Execute FAILED, Return Code 9"
129.22.104.106,True,True,"Execute FAILED, Return Code 9"
129.22.104.107,True,True,"Execute FAILED, Return Code 9"
129.22.104.108,True,True,"Execute FAILED, Return Code 9"
129.22.104.123,True,True,"Execute FAILED, Return Code 9"
129.22.104.124,True,True,"Execute FAILED, Return Code 9"
129.22.104.125,True,True,"Execute FAILED, Return Code 9"
129.22.104.126,True,True,"Execute FAILED, Return Code 9"
129.22.104.127,True,True,"Execute FAILED, Return Code 9"
129.22.104.128,True,True,"Execute FAILED, Return Code 9"
129.22.104.129,True,True,"Execute FAILED, Return Code 9"
129.22.104.130,True,True,"Execute FAILED, Return Code 9"
129.22.104.131,True,True,"Execute FAILED, Return Code 9"
129.22.104.132,True,True,"Execute OK, Answer OK"
129.22.104.133,True,True,"Execute FAILED, Return Code 9"
129.22.104.134,True,True,"Execute FAILED, Return Code 9"
129.22.104.135,True,True,"Execute FAILED, Return Code 9"
129.22.104.53,True,True,"Execute FAILED, Return Code 9"
129.22.104.54,True,True,"Execute FAILED, Return Code 9"
129.22.104.55,True,True,"Execute FAILED, Return Code 9"
129.22.104.56,True,True,"Execute OK, Answer OK"
129.22.104.57,True,True,"Execute FAILED, Return Code 9"
129.22.104.58,True,True,"Execute FAILED, Return Code 9"
129.22.104.59,True,True,"Execute FAILED, Return Code 9"
129.22.104.60,True,True,"Execute FAILED, Return Code 9"
129.22.104.61,True,True,"Execute FAILED, Return Code 9"
129.22.104.62,True,True,"Execute FAILED, Return Code 9"
129.22.104.63,True,True,"Execute FAILED, Return Code 9"
129.22.104.64,True,True,"Execute FAILED, Return Code 9"
129.22.104.65,True,True,"Execute FAILED, Return Code 9"
129.22.104.66,True,True,"Execute FAILED, Return Code 9"
129.22.104.109,True,True,"Execute FAILED, Return Code 9"
129.22.104.110,True,True,"Execute FAILED, Return Code 9"
129.22.104.111,True,True,"Execute FAILED, Return Code 9"
129.22.104.112,True,True,"Execute FAILED, Return Code 9"
129.22.104.113,True,True,"Execute FAILED, Return Code 9"
129.22.104.114,True,True,"Execute FAILED, Return Code 9"
129.22.104.115,True,True,"Execute FAILED, Return Code 9"
129.22.104.116,True,True,"Execute FAILED, Return Code 9"
129.22.104.117,True,True,"Execute FAILED, Return Code 9"
129.22.104.118,True,True,"Execute FAILED, Return Code 9"
129.22.104.119,True,True,"Execute FAILED, Return Code 9"
129.22.104.120,True,True,"Execute FAILED, Return Code 9"
129.22.104.121,True,True,"Execute FAILED, Return Code 9"
129.22.104.122,True,True,"Execute FAILED, Return Code 9"
